{
  "iterations": [
    500,
    1000,
    1500,
    2000,
    2500,
    3000,
    3500,
    4000,
    4500,
    5000,
    5500,
    6000,
    6500,
    7000,
    7500,
    8000,
    8500,
    9000,
    9500,
    10000,
    10500,
    11000,
    11500,
    12000,
    12500,
    13000,
    13500,
    14000,
    14500,
    15000,
    15500,
    16000,
    16500,
    17000,
    30500,
    31000,
    31500,
    32000,
    32500,
    33000,
    33500,
    34000,
    34500,
    35000,
    35500,
    36000,
    36500,
    37000,
    37500,
    38000,
    38500,
    39000,
    39500,
    40000,
    40500,
    41000,
    41500,
    42000,
    42500,
    43000,
    43500,
    44000,
    44500,
    45000,
    60500,
    61000,
    61500,
    62000,
    62500,
    63000,
    63500,
    64000,
    64500,
    65000,
    65500,
    66000,
    66500,
    67000,
    67500,
    68000,
    68500,
    69000,
    69500,
    70000,
    70500,
    71000,
    71500,
    72000,
    72500,
    73000,
    73500,
    74000,
    74500,
    75000,
    90500,
    91000,
    91500,
    92000,
    92500,
    93000,
    93500,
    94000,
    94500,
    95000,
    95500,
    96000,
    96500,
    97000,
    97500,
    98000,
    98500,
    99000,
    99500,
    100000,
    100500,
    101000,
    101500,
    102000,
    102500,
    103000,
    103500,
    104000,
    104500,
    105000,
    120500,
    121000,
    121500,
    122000,
    122500,
    123000,
    123500,
    124000,
    124500,
    125000,
    125500,
    126000,
    126500,
    127000,
    127500,
    128000,
    128500,
    129000,
    129500,
    130000,
    130500,
    131000,
    131500,
    132000,
    132500,
    133000,
    133500,
    134000,
    134500,
    135000,
    150500,
    151000,
    151500,
    152000,
    152500,
    153000,
    153500,
    154000,
    154500,
    155000,
    155500,
    156000,
    156500,
    157000,
    157500,
    158000,
    158500,
    159000,
    159500,
    160000,
    160500,
    161000,
    161500,
    162000,
    162500,
    163000,
    163500,
    164000,
    164500,
    165000
  ],
  "scores": [
    -1393.6597268276348,
    -1385.054216612803,
    -1347.3595852940048,
    -896.9333016855289,
    -537.6667735947339,
    -537.6667735947339,
    -537.6667735947339,
    -537.6667735947339,
    -537.6667735947339,
    -537.6667735947339,
    -537.6667735947339,
    -537.6667735947339,
    -537.6667735947339,
    -537.6667735947339,
    -537.6667735947339,
    -537.6667735947339,
    -537.6667735947339,
    -537.6667735947339,
    -537.6667735947339,
    -537.6667735947339,
    -537.6667735947339,
    -537.6667735947339,
    -537.6667735947339,
    -537.6667735947339,
    -537.6667735947339,
    -537.6667735947339,
    -537.6667735947339,
    -537.6667735947339,
    -537.6667735947339,
    -537.6667735947339,
    -537.6667735947339,
    -537.6667735947339,
    -537.6667735947339,
    -537.6667735947339,
    -537.6667735947339,
    -537.6667735947339,
    -537.6667735947339,
    -537.6667735947339,
    -537.6667735947339,
    -537.6667735947339,
    -537.6667735947339,
    -537.6667735947339,
    -537.6667735947339,
    -537.6667735947339,
    -537.6667735947339,
    -537.6667735947339,
    -537.6667735947339,
    -537.6667735947339,
    -537.6667735947339,
    -537.6667735947339,
    -537.6667735947339,
    -537.6667735947339,
    -537.6667735947339,
    -537.6667735947339,
    -537.6667735947339,
    -537.6667735947339,
    -537.6667735947339,
    -537.6667735947339,
    -537.6667735947339,
    -537.6667735947339,
    -537.6667735947339,
    -537.6667735947339,
    -537.6667735947339,
    -537.6667735947339,
    -537.6667735947339,
    -537.6667735947339,
    -537.6667735947339,
    -537.6667735947339,
    -537.6667735947339,
    -537.6667735947339,
    -537.6667735947339,
    -537.6667735947339,
    -537.6667735947339,
    -537.6667735947339,
    -537.6667735947339,
    -537.6667735947339,
    -537.6667735947339,
    -537.6667735947339,
    -537.6667735947339,
    -537.6667735947339,
    -537.6667735947339,
    -537.6667735947339,
    -537.6667735947339,
    -537.6667735947339,
    -537.6667735947339,
    -537.6667735947339,
    -537.6667735947339,
    -537.6667735947339,
    -537.6667735947339,
    -537.6667735947339,
    -537.6667735947339,
    -537.6667735947339,
    -537.6667735947339,
    -537.6667735947339,
    -537.6667735947339,
    -537.6667735947339,
    -537.6667735947339,
    -537.6667735947339,
    -537.6667735947339,
    -537.6667735947339,
    -537.6667735947339,
    -537.6667735947339,
    -537.6667735947339,
    -537.6667735947339,
    -537.6667735947339,
    -537.6667735947339,
    -537.6667735947339,
    -537.6667735947339,
    -537.6667735947339,
    -537.6667735947339,
    -537.6667735947339,
    -537.6667735947339,
    -537.6667735947339,
    -537.6667735947339,
    -537.6667735947339,
    -537.6667735947339,
    -537.6667735947339,
    -537.6667735947339,
    -537.6667735947339,
    -537.6667735947339,
    -537.6667735947339,
    -537.6667735947339,
    -537.6667735947339,
    -537.6667735947339,
    -537.6667735947339,
    -537.6667735947339,
    -537.6667735947339,
    -537.6667735947339,
    -537.6667735947339,
    -537.6667735947339,
    -537.6667735947339,
    -537.6667735947339,
    -537.6667735947339,
    -537.6667735947339,
    -537.6667735947339,
    -537.6667735947339,
    -537.6667735947339,
    -537.6667735947339,
    -537.6667735947339,
    -537.6667735947339,
    -537.6667735947339,
    -537.6667735947339,
    -537.6667735947339,
    -537.6667735947339,
    -537.6667735947339,
    -537.6667735947339,
    -537.6667735947339,
    -537.6667735947339,
    -537.6667735947339,
    -537.6667735947339,
    -537.6667735947339,
    -537.6667735947339,
    -537.6667735947339,
    -537.6667735947339,
    -537.6667735947339,
    -537.6667735947339,
    -537.6667735947339,
    -537.6667735947339,
    -537.6667735947339,
    -537.6667735947339,
    -537.6667735947339,
    -537.6667735947339,
    -537.6667735947339,
    -537.6667735947339,
    -537.6667735947339,
    -537.6667735947339,
    -537.6667735947339,
    -537.6667735947339,
    -537.6667735947339,
    -537.6667735947339,
    -537.6667735947339,
    -537.6667735947339,
    -537.6667735947339,
    -537.6667735947339,
    -537.6667735947339,
    -537.6667735947339,
    -537.6667735947339,
    -537.6667735947339,
    -537.6667735947339,
    -537.6667735947339,
    -537.6667735947339,
    -537.6667735947339,
    -537.6667735947339,
    -537.6667735947339
  ],
  "reference_score": -537.6667735947337,