{
  "letters": [
    "a",
    "b",
    "c",
    "d",
    "e",
    "f",
    "g",
    "h",
    "i",
    "j",
    "k",
    "l",
    "m",
    "n",
    "o",
    "p",
    "q",
    "r",
    "s",
    "t",
    "u",
    "v",
    "w",
    "x",
    "y",
    "z"
  ],
  "english": [
    0.08167,
    0.01492,
    0.02782,
    0.04253,
    0.12702,
    0.02228,
    0.02015,
    0.06094,
    0.06966,
    0.00153,
    0.00772,
    0.04025,
    0.02406,
    0.06749,
    0.07507,
    0.01929,
    0.00095,
    0.05987,
    0.06327,
    0.09056,
    0.02758,
    0.00978,
    0.0236,
    0.0015,
    0.01974,
    0.00074
  ],
  "ciphertext": [
    0.009933774834437087,
    0.0,
    0.006622516556291391,
    0.06291390728476821,
    0.08940397350993377,
    0.076158940397351,
    0.08609271523178808,
    0.033112582781456956,
    0.023178807947019868,
    0.009933774834437087,
    0.009933774834437087,
    0.0,
    0.009933774834437087,
    0.03642384105960265,
    0.0,
    0.06291390728476821,
    0.04304635761589404,
    0.056291390728476824,
    0.023178807947019868,
    0.08940397350993377,
    0.029801324503311258,
    0.11258278145695365,
    0.07947019867549669,
    0.009933774834437087,
    0.0033112582781456954,
    0.03642384105960265
  ],
  "decrypted": [
    0.056291390728476824,
    0.009933774834437087,
    0.009933774834437087,
    0.033112582781456956,
    0.11258278145695365,
    0.04304635761589404,
    0.029801324503311258,
    0.06291390728476821,
    0.08940397350993377,
    0.0,
    0.006622516556291391,
    0.03642384105960265,
    0.023178807947019868,
    0.076158940397351,
    0.08940397350993377,
    0.009933774834437087,
    0.0,
    0.06291390728476821,
    0.07947019867549669,
    0.08609271523178808,
    0.03642384105960265,
    0.009933774834437087,
    0.023178807947019868,
    0.0033112582781456954,
    0.009933774834437087,
    0.0
  ]
}